,10,20,30,40,50,60,70,80,90,100,110,120,130,140,150,160,170,180,190,200
720575940605494560,0.0,0.0,0.0,0.0,0.2,0.0,0.0,0.0,0.0,0.0,0.0,0.0,0.0,0.0,0.0,0.0,0.0,0.0,0.0,0.0
720575940605513649,0.0,0.0,0.0,0.1,1.1,2.8,3.5,5.5,5.3,6.7,5.8,6.1,6.7,7.0,7.6,8.4,8.2,8.2,8.6,8.8
720575940605658033,0.0,0.0,0.0,0.6,3.5,10.5,14.8,17.9,19.1,21.5,22.7,24.2,26.2,26.6,26.5,26.5,27.6,29.3,29.4,29.4
720575940605682790,0.0,0.0,0.0,0.0,0.2,0.3,1.1,2.4,4.0,5.4,8.4,9.8,10.0,10.3,12.4,12.3,13.5,14.3,14.1,16.0
720575940605890784,0.0,0.0,0.0,0.0,0.0,0.0,0.0,0.0,0.0,0.0,0.0,0.0,0.0,0.0,0.0,0.2,0.3,0.0,0.0,0.2
720575940606391218,0.0,0.0,0.0,0.0,0.0,0.0,0.0,0.0,0.0,0.0,0.0,0.1,0.0,0.0,0.0,0.2,0.0,0.0,0.0,0.0
720575940606607234,0.0,0.0,0.0,0.3,3.2,7.5,9.2,10.1,10.1,10.7,10.3,11.3,10.7,11.9,11.6,11.9,12.1,12.8,12.2,12.9
720575940606633248,0.0,0.0,0.0,0.0,0.0,0.0,0.0,0.0,0.0,0.0,0.0,0.1,0.0,0.0,0.0,0.2,0.0,0.0,0.0,0.1
720575940606852018,0.0,0.0,0.0,0.0,0.0,0.1,0.6,1.0,1.4,1.5,2.5,2.2,2.3,4.1,4.0,5.1,5.1,4.1,5.0,5.3
720575940606866377,0.0,0.0,0.2,2.8,7.4,13.6,20.0,26.6,30.8,35.8,39.8,44.1,48.0,50.3,55.1,57.7,60.0,62.2,64.7,67.4
720575940607193986,0.0,0.0,0.0,2.0,10.1,23.9,32.5,37.7,39.8,44.5,45.8,46.8,47.8,51.6,52.4,52.8,55.3,55.1,54.4,57.6
720575940607272649,0.0,0.0,0.0,1.9,10.2,24.4,35.3,42.8,49.2,54.5,59.4,61.2,64.2,67.4,69.3,70.9,73.9,74.4,75.3,77.7
720575940607386290,0.0,0.0,0.0,0.3,2.4,6.5,10.7,12.8,14.6,15.7,17.5,20.6,20.4,22.4,24.4,25.5,27.9,28.0,30.2,31.2
720575940607451081,0.0,0.0,1.9,5.2,9.7,19.0,26.0,32.3,36.0,40.1,44.0,44.3,45.0,47.7,50.1,49.7,52.0,52.9,53.2,55.2
720575940607689394,0.0,0.0,0.0,0.0,0.0,0.0,0.2,1.3,1.8,3.5,5.3,7.2,8.5,9.3,10.9,11.7,12.0,13.1,12.7,14.0
720575940608188427,0.0,0.0,0.0,0.1,0.3,0.2,0.4,0.4,0.3,0.2,0.2,0.1,0.1,0.1,0.2,0.2,0.2,0.3,0.0,0.0
720575940608498780,0.0,0.0,0.0,0.3,3.2,10.1,16.1,20.1,21.9,25.4,27.1,28.5,29.4,31.7,33.0,33.7,35.1,36.2,36.0,38.4
720575940608735241,0.0,0.0,0.0,0.3,2.2,8.1,11.5,16.2,18.7,21.8,23.5,24.8,26.3,28.0,28.4,29.7,30.8,31.0,31.2,33.4
720575940609133269,0.0,0.0,0.0,0.0,0.0,0.0,0.0,0.3,0.6,0.5,1.5,2.4,2.5,2.9,4.3,4.9,5.1,5.6,6.4,8.2
720575940609405635,0.0,0.0,0.0,0.0,0.2,1.4,4.4,9.9,13.7,17.4,19.9,22.1,24.2,26.0,27.6,29.3,29.9,30.8,31.6,33.7
720575940609407939,0.0,0.0,0.1,2.0,11.4,28.3,37.9,44.6,48.1,52.5,54.6,56.2,58.7,60.7,63.1,64.6,66.1,65.7,67.3,68.9
720575940609915204,0.0,0.0,0.0,0.3,4.2,13.7,21.1,27.3,30.7,35.0,37.7,39.8,41.5,44.0,44.8,46.4,48.8,48.8,49.0,51.2
720575940609939780,0.0,0.0,0.0,0.0,0.0,0.0,0.5,0.7,1.4,2.2,1.9,2.0,2.2,2.3,4.5,4.8,4.7,5.9,7.2,8.0
720575940609993284,0.0,0.0,0.0,0.0,0.2,0.5,1.6,4.5,6.8,10.0,11.1,13.4,14.8,15.2,16.5,16.5,16.1,15.4,16.9,17.2
720575940610000964,0.0,0.0,0.0,0.0,0.0,0.1,0.4,0.8,1.5,2.0,3.3,4.8,5.4,5.4,8.4,7.1,9.1,9.3,10.2,12.0
720575940610001220,0.0,0.0,0.1,1.3,9.6,26.2,37.6,45.3,49.9,53.4,56.6,59.7,62.1,64.6,67.1,67.8,71.4,72.6,72.9,75.3
720575940610054980,0.0,0.0,0.0,0.0,0.6,1.6,4.9,12.6,18.9,25.6,34.2,38.4,41.4,43.1,48.1,49.0,54.4,55.2,58.9,62.5
720575940610231509,0.0,0.0,0.0,0.0,0.2,0.3,1.2,1.1,1.7,2.8,3.0,3.1,3.8,4.2,4.8,5.5,5.6,5.2,5.6,5.8
720575940610232274,0.0,0.0,0.0,0.0,0.0,0.0,0.0,0.1,0.1,0.5,1.5,2.7,3.9,5.3,6.2,7.5,8.0,9.1,9.3,10.1
720575940610258552,0.0,0.0,0.0,0.4,3.2,10.6,15.4,19.9,24.0,27.1,29.8,30.6,33.2,34.6,36.0,37.3,39.7,39.5,39.9,41.5
720575940610482883,0.0,0.0,0.1,1.7,9.9,25.1,35.0,41.6,44.1,49.1,51.9,53.3,55.1,58.4,59.7,61.2,63.3,62.5,64.3,66.8
720575940610611246,0.0,0.0,0.0,0.0,0.0,0.0,0.0,0.1,0.6,0.1,0.7,1.6,1.9,2.3,2.1,2.1,2.0,2.7,3.3,4.3
720575940610621026,0.0,0.0,0.0,0.0,0.0,0.0,0.1,0.0,0.1,0.0,0.0,0.0,0.0,0.0,0.1,0.0,0.0,0.1,0.0,0.0
720575940610677828,0.0,0.0,0.0,0.8,7.3,21.1,32.3,39.4,43.0,47.5,50.5,53.6,55.0,58.0,60.4,61.8,63.2,63.9,64.7,66.5
720575940610803554,0.0,0.0,0.0,0.0,0.3,3.3,6.6,12.7,18.2,22.4,25.3,27.1,29.9,32.0,32.9,35.3,36.0,37.6,38.6,40.5
720575940610916465,0.0,0.0,0.0,0.0,0.0,0.0,0.1,0.5,0.9,3.1,5.6,7.3,11.5,13.1,17.0,19.2,20.8,22.6,25.1,27.8
720575940611015122,0.0,0.0,0.2,0.5,2.5,6.5,11.3,15.5,20.4,26.1,31.0,36.4,41.2,46.2,49.4,54.0,58.1,60.6,66.2,68.0
720575940611151406,0.0,0.0,0.0,0.0,0.0,0.0,0.0,0.0,0.0,0.0,0.0,0.1,0.1,0.3,0.2,0.3,0.5,0.1,0.9,1.2
720575940611160930,0.0,0.0,0.0,0.0,0.2,1.0,1.7,5.7,8.2,11.2,12.8,14.9,16.6,17.4,19.0,20.9,21.5,21.9,22.5,24.3
720575940611164770,0.0,0.0,0.0,0.0,0.0,0.0,0.0,0.0,0.1,0.2,0.5,0.7,0.7,1.2,2.2,2.1,2.0,2.3,3.2,4.2
720575940611436408,0.0,0.0,0.0,0.2,2.3,9.0,13.8,17.6,20.2,23.9,25.5,26.8,28.9,30.1,31.2,32.3,34.0,34.9,35.2,36.9
720575940611548878,0.0,0.0,0.0,0.0,0.5,0.5,2.5,5.6,10.1,11.5,18.8,20.9,20.8,20.4,25.6,26.0,28.8,28.3,29.6,32.5
720575940611549902,0.0,0.0,0.0,0.0,0.0,0.0,0.0,0.0,0.0,0.0,0.1,1.1,1.7,2.9,5.1,7.2,8.8,11.0,12.5,15.1
720575940611772083,0.0,0.0,0.0,0.0,0.1,0.1,0.1,0.0,0.0,0.0,0.0,0.0,0.0,0.0,0.0,0.0,0.0,0.0,0.0,0.0
720575940611875570,9.2,18.7,31.1,46.6,47.8,60.1,71.3,78.2,90.4,101.8,105.2,116.4,132.7,139.6,145.9,160.6,160.8,175.9,185.1,203.3
720575940612036837,0.2,1.3,3.5,6.6,12.2,20.6,25.3,27.8,29.9,31.4,33.0,33.4,34.2,32.5,35.9,35.2,36.7,39.3,37.1,38.1
720575940612208858,0.0,0.0,0.0,0.0,0.0,0.0,0.0,0.1,0.0,0.0,0.2,0.3,0.2,1.2,0.9,1.3,1.2,0.9,0.7,2.4
720575940612289010,0.0,0.0,0.0,0.0,0.0,0.0,0.0,0.0,0.1,0.0,0.0,0.2,0.3,0.4,0.6,0.8,0.9,0.7,1.6,3.6
720575940612357618,0.0,0.0,0.0,0.0,0.9,3.0,6.3,8.4,10.1,10.9,12.1,13.2,13.7,13.9,13.3,14.3,14.0,14.8,14.7,14.9
720575940612423922,0.0,0.0,0.1,1.9,6.0,11.9,19.5,28.1,33.3,39.7,42.0,45.7,48.6,51.1,52.9,55.4,56.6,56.1,60.0,62.3
720575940612479205,0.0,0.0,0.0,0.0,0.0,0.0,0.0,0.0,0.0,0.0,0.1,0.7,1.1,0.8,2.0,2.7,3.5,4.3,4.2,5.5
720575940612537061,0.0,0.0,0.0,0.0,0.1,0.9,1.9,2.6,2.7,2.8,4.2,4.0,4.5,5.3,5.6,7.1,6.5,6.1,6.5,7.0
720575940612558061,0.0,0.0,0.0,1.6,7.3,15.0,22.3,27.9,32.3,36.4,37.6,39.8,41.1,42.1,43.5,45.3,45.6,46.7,47.6,48.5
720575940612603289,0.0,0.0,0.0,0.3,1.0,1.8,2.1,1.9,0.9,1.3,0.4,0.4,0.3,0.0,0.0,0.2,0.0,0.0,0.0,0.0
720575940612648106,0.0,0.0,0.0,0.0,0.0,0.0,0.0,0.0,0.0,0.0,0.0,0.0,0.0,0.0,0.0,0.0,0.0,0.0,0.5,1.4
720575940612670570,10.4,19.1,28.7,39.1,48.4,59.0,67.4,75.4,89.8,103.4,105.1,120.9,131.6,144.7,140.8,156.3,166.1,168.9,191.7,201.5
720575940612692633,0.0,0.0,0.1,1.0,3.2,7.4,13.4,20.5,25.4,30.4,31.9,34.9,36.3,36.5,38.3,39.4,39.9,41.1,42.1,43.2
720575940612766515,0.0,0.0,0.0,0.1,1.3,3.1,4.8,7.1,7.3,9.5,9.3,9.0,9.3,10.9,11.1,11.6,11.8,11.0,12.5,12.7
720575940612868757,0.0,0.0,0.0,0.4,2.8,7.4,10.7,11.3,10.4,9.6,10.7,11.2,11.3,10.4,10.4,10.1,11.4,11.0,10.2,11.0
720575940612888178,0.0,0.0,0.0,0.3,3.8,12.2,18.4,23.7,25.4,29.0,30.6,32.8,34.7,36.2,37.6,38.1,40.4,40.7,40.8,43.1
720575940612906518,0.0,0.0,4.2,13.5,24.7,40.8,50.9,59.3,65.9,70.9,74.9,78.7,81.8,85.0,86.6,89.0,90.7,92.6,93.9,95.9
720575940612952557,0.0,0.0,0.0,0.0,0.0,0.0,0.0,0.0,0.5,0.5,1.5,2.2,2.2,3.3,4.8,5.5,6.5,7.2,8.2,10.2
720575940613004402,0.0,0.0,0.0,0.0,0.2,0.3,1.0,2.4,3.8,4.8,7.4,9.6,10.2,9.8,12.6,12.0,13.4,14.0,14.3,16.7
720575940613347299,0.0,0.0,0.0,0.7,4.0,10.4,15.2,19.1,22.2,24.2,25.6,28.1,28.8,30.9,31.0,32.0,33.6,35.5,33.1,34.8
720575940613588246,0.0,0.0,0.0,0.0,0.1,0.0,0.0,0.0,0.0,0.0,0.0,0.0,0.0,0.0,0.0,0.0,0.0,0.0,0.0,0.0
720575940613670893,0.0,0.0,0.0,0.0,0.0,0.0,0.0,0.0,0.1,0.4,0.9,1.1,1.3,1.8,3.4,3.4,2.9,4.3,4.8,6.9
720575940613687789,0.0,0.0,0.0,0.0,0.1,0.2,1.5,3.5,5.5,8.7,12.6,14.0,15.2,18.1,19.9,21.0,22.5,23.2,24.8,26.7
720575940613743569,0.0,0.0,0.0,0.0,0.1,0.2,0.6,0.6,1.0,0.9,1.0,1.4,0.7,1.2,0.8,1.2,0.5,0.8,0.8,0.9
720575940613929391,0.0,0.0,0.0,0.0,2.0,8.8,13.4,18.7,20.8,24.8,26.2,28.0,30.1,32.1,32.7,34.3,36.9,36.4,38.0,39.1
720575940613943215,0.0,0.0,0.0,0.0,0.0,0.0,0.0,0.1,0.4,0.3,0.7,1.7,1.6,1.8,3.4,3.4,3.4,3.4,4.3,6.6
720575940614087219,0.0,0.0,0.0,0.0,0.1,0.1,0.1,0.0,0.0,0.0,0.0,0.0,0.0,0.0,0.0,0.0,0.0,0.0,0.0,0.0
720575940614128691,0.0,0.0,0.0,0.0,0.0,0.0,0.6,2.4,4.2,7.9,12.0,15.1,18.1,19.7,22.3,24.2,25.2,26.2,26.6,27.0
720575940614187006,0.0,0.0,0.0,0.1,0.4,0.4,0.2,0.2,0.1,0.0,0.0,0.0,0.0,0.0,0.0,0.0,0.0,0.0,0.0,0.0
720575940614352278,0.0,0.0,0.0,0.4,1.6,0.8,0.5,0.0,0.0,0.0,0.0,0.0,0.0,0.0,0.0,0.0,0.0,0.0,0.0,0.0
720575940614363363,0.0,0.0,0.0,0.0,0.1,0.0,0.0,0.0,0.0,0.0,0.0,0.0,0.0,0.0,0.0,0.0,0.0,0.0,0.0,0.0
720575940614386070,0.0,0.0,0.0,0.7,1.3,4.1,5.5,7.0,7.7,9.5,8.9,8.2,8.7,9.8,8.7,9.4,10.1,7.6,9.8,9.3
720575940614570415,0.0,0.0,0.0,0.0,0.0,0.0,0.0,0.0,0.0,0.1,0.0,0.0,0.0,0.0,0.0,0.0,0.1,0.0,0.0,0.0
720575940614660519,0.0,0.0,0.0,0.0,0.0,0.0,0.0,0.0,0.0,0.0,0.0,0.3,0.4,0.8,1.6,2.1,4.4,5.2,6.4,8.4
720575940614730914,0.0,0.0,0.0,1.0,4.8,11.3,15.3,18.4,18.4,20.7,19.3,17.4,17.8,18.3,17.0,16.7,17.2,17.1,15.9,14.7
720575940614763666,0.1,9.1,18.5,27.8,32.6,40.8,45.3,52.1,57.6,61.5,66.1,71.2,74.5,78.3,80.8,84.4,86.0,89.2,92.0,95.4
720575940614909506,0.0,0.0,0.0,0.1,1.9,4.7,4.0,2.7,1.7,1.2,1.0,0.4,0.6,0.3,0.1,0.2,0.5,0.3,0.0,0.0
720575940615023535,0.0,0.0,0.0,0.1,1.0,2.0,2.6,1.5,1.9,1.6,0.9,0.7,0.1,0.3,0.2,0.2,0.3,0.1,0.1,0.0
720575940615052812,0.0,0.0,0.0,0.0,0.0,0.0,0.0,0.0,0.0,0.0,0.0,0.3,1.0,1.6,3.0,3.3,4.8,5.5,6.3,8.4
720575940615108714,0.0,0.0,0.0,0.0,0.0,0.0,0.0,0.0,0.0,0.0,0.0,0.0,0.0,0.0,0.0,0.0,0.0,0.0,0.0,0.1
720575940615153494,0.0,0.0,0.0,0.1,0.4,2.1,3.1,6.5,8.9,10.2,11.6,12.6,12.5,12.6,14.2,16.1,15.2,15.5,15.8,16.2
720575940615296766,0.0,0.0,0.0,0.1,1.3,3.1,4.8,7.1,7.3,9.5,9.3,9.0,9.3,10.9,11.1,11.6,11.8,11.0,12.5,12.7
720575940615296818,0.0,0.0,0.0,0.0,0.2,0.9,1.9,5.4,7.6,10.7,11.6,13.3,15.8,16.9,18.1,18.9,20.3,20.8,22.2,23.4
720575940615582111,0.0,0.0,0.0,0.0,0.0,0.1,0.0,0.4,1.0,2.2,3.2,3.4,5.7,5.8,7.2,8.3,9.1,10.1,10.5,11.8
720575940615583650,0.0,0.0,0.0,0.0,0.0,0.0,0.0,0.0,0.0,0.0,0.0,0.0,0.1,0.1,0.0,0.1,0.0,0.0,0.0,0.4
720575940615623867,0.0,0.0,0.0,0.0,0.0,0.7,1.4,2.0,2.4,3.0,5.2,4.4,5.9,6.9,7.4,7.1,8.7,8.7,8.9,9.2
720575940615671106,0.0,0.0,0.3,3.9,20.2,45.1,61.7,70.5,75.9,83.5,87.5,87.6,92.1,95.4,98.3,100.4,102.6,101.5,103.5,105.7
720575940615715003,0.0,0.0,0.0,0.6,3.0,3.7,3.3,2.4,2.0,1.4,0.5,0.7,0.2,0.1,0.3,0.1,0.5,0.2,0.1,0.1
720575940615811670,0.0,0.0,0.0,0.0,0.0,0.0,0.0,0.0,0.0,0.0,0.1,0.0,0.0,0.0,0.3,0.0,0.1,0.2,0.2,0.7
720575940616018956,0.0,0.0,0.0,0.1,1.0,4.1,7.5,15.4,22.1,28.0,32.9,38.6,41.3,43.6,47.3,49.1,51.0,53.7,56.4,58.7
720575940616103218,0.0,0.0,2.6,11.3,17.5,26.0,32.3,39.1,43.4,48.3,52.5,58.0,61.5,64.2,68.4,71.6,74.4,77.2,79.5,83.0
720575940616466260,0.0,0.0,0.0,1.5,9.0,25.0,35.7,42.4,46.1,51.8,54.8,57.0,59.1,62.7,65.3,65.4,67.9,68.4,68.9,70.2
720575940616534338,0.0,0.0,0.0,0.0,0.1,0.0,0.0,0.0,0.0,0.0,0.0,0.0,0.0,0.0,0.0,0.0,0.0,0.0,0.0,0.0
720575940616568699,0.0,0.0,0.0,0.0,0.0,0.0,0.1,0.0,0.0,0.0,0.1,0.0,0.0,0.0,0.1,0.0,0.0,0.0,0.0,0.1
720575940616742657,0.0,0.0,0.0,0.0,0.0,0.0,0.0,0.0,0.0,0.0,0.1,0.4,1.3,3.9,6.8,9.6,11.7,13.8,15.8,17.8
720575940616864086,0.0,0.0,0.0,0.9,6.4,19.5,25.5,31.6,34.5,39.0,40.4,42.5,44.8,47.0,48.7,49.0,50.6,50.9,53.0,52.9
720575940616864217,0.0,0.0,0.0,0.7,5.5,17.5,24.7,28.7,31.2,34.6,37.6,39.4,41.1,43.0,44.2,45.8,47.3,48.7,49.0,50.4
720575940616885538,10.7,21.1,31.9,38.5,45.0,64.7,70.2,84.3,86.8,101.4,107.4,124.9,132.2,134.9,148.3,157.5,165.7,175.9,188.3,191.5
720575940616980737,0.0,0.0,0.0,0.0,0.1,0.0,0.0,0.0,0.0,0.0,0.0,0.0,0.0,0.0,0.0,0.0,0.0,0.0,0.0,0.0
720575940617000768,10.6,18.5,28.5,38.1,48.3,58.8,70.6,80.8,88.9,103.5,108.5,120.5,129.6,144.1,153.2,157.3,169.7,174.9,185.4,202.1
720575940617373268,0.0,0.0,0.0,0.0,0.0,0.0,0.0,0.0,0.0,0.0,0.0,0.0,0.0,0.0,0.0,0.1,0.1,0.0,0.0,0.2
720575940617488477,0.0,0.0,0.0,0.0,0.0,0.0,0.1,0.5,0.5,1.2,1.3,2.2,1.7,2.1,3.9,3.8,4.0,4.4,5.0,6.4
720575940617494877,0.0,0.0,0.0,0.0,0.0,0.1,0.2,0.6,0.8,1.9,2.3,3.7,4.1,4.8,5.4,6.9,7.3,8.1,9.3,10.2
720575940617497437,0.0,0.0,0.0,0.0,0.4,0.3,1.0,1.2,0.6,0.4,0.1,0.4,0.2,0.3,0.0,0.0,0.1,0.0,0.0,0.1
720575940617552057,0.0,0.0,0.0,0.3,4.4,13.5,21.2,27.4,30.6,34.6,37.3,38.8,40.9,43.7,45.0,45.5,47.3,47.7,48.5,49.5
720575940617593233,0.0,0.0,0.0,0.1,0.4,3.7,6.1,11.7,17.2,19.8,24.0,29.2,31.3,34.1,36.9,39.7,43.4,45.3,47.1,49.9
720575940617629841,0.0,0.0,0.0,1.4,6.0,13.4,18.8,24.9,31.2,36.0,39.0,42.9,43.5,46.7,49.5,52.1,53.4,54.7,56.6,57.3
720575940617672920,0.0,0.0,0.0,0.0,0.0,0.0,0.0,0.0,0.0,0.0,0.0,0.1,0.0,0.0,0.0,0.2,0.0,0.0,0.0,0.0
720575940617937543,8.3,20.7,27.6,39.8,46.1,63.0,69.2,78.4,89.2,96.0,110.5,115.1,124.8,147.2,149.6,166.4,161.1,177.1,179.1,194.8
720575940618116569,0.0,0.0,0.0,0.0,0.0,0.0,0.0,0.0,0.0,0.0,0.0,0.1,0.0,0.0,0.0,0.2,0.0,0.0,0.0,0.0
720575940618153105,0.0,0.0,0.0,0.0,0.0,0.0,0.0,0.0,0.0,0.0,0.0,0.1,0.0,0.0,0.0,0.2,0.0,0.0,0.0,0.0
720575940618165019,0.0,0.0,0.0,0.0,1.4,4.2,10.3,29.0,40.7,51.2,69.5,73.5,78.1,77.6,87.7,87.1,94.8,95.3,98.4,102.6
720575940618238523,0.0,0.0,0.1,3.2,15.4,30.1,40.8,44.7,50.8,53.3,56.1,57.0,56.2,58.6,63.0,61.7,64.8,63.6,62.3,62.9
720575940618472261,0.0,0.0,0.0,0.0,0.5,1.0,4.0,9.2,13.5,17.5,25.0,28.1,30.4,30.6,35.5,36.6,39.1,41.3,44.3,47.4
720575940618574749,0.0,0.0,0.0,0.5,5.4,16.5,22.0,23.3,23.7,25.0,27.6,28.3,30.9,30.6,32.3,31.9,33.7,34.0,34.6,37.5
720575940618696989,0.0,0.0,0.0,0.0,0.0,0.1,0.0,0.3,0.2,0.5,0.9,2.5,3.6,3.8,5.8,8.6,11.3,14.2,15.3,18.3
720575940618726171,0.0,0.0,0.0,0.7,5.3,16.7,24.8,30.9,35.0,37.7,40.6,43.2,44.5,46.0,48.0,48.9,51.2,51.8,53.2,55.5
720575940618800064,0.0,0.0,0.0,0.0,0.0,0.0,0.3,0.8,2.6,2.7,2.3,4.6,3.4,3.6,3.9,3.7,3.2,3.9,4.6,3.6
720575940619114048,0.0,0.0,0.0,0.3,3.2,10.1,16.1,20.3,22.2,25.5,27.5,28.9,29.9,32.4,33.4,34.2,35.6,36.4,36.6,38.7
720575940619173534,0.0,0.0,0.0,0.3,2.5,8.8,12.7,16.8,18.3,20.6,22.0,23.6,25.0,25.9,27.2,27.7,28.9,29.8,30.0,30.7
720575940619473624,0.0,0.0,0.0,0.0,0.4,1.6,3.2,8.5,11.4,15.3,16.5,18.5,20.6,22.3,24.7,24.6,25.1,26.0,28.1,30.3
720575940619549598,0.0,0.0,0.0,0.0,0.0,0.0,0.0,0.0,0.0,0.1,0.0,0.0,0.0,0.0,0.0,0.0,0.1,0.0,0.0,0.0
720575940619588568,0.0,0.0,0.0,0.0,0.0,0.1,0.1,0.7,1.4,2.3,4.4,8.4,10.3,12.6,15.7,19.1,22.5,25.4,27.6,30.6
720575940619671616,0.0,0.0,0.0,0.0,0.1,0.1,1.0,1.4,2.9,3.9,5.7,6.9,6.4,6.2,7.5,7.2,9.1,8.4,9.8,11.9
720575940619675200,0.0,0.0,0.0,0.0,0.0,0.0,0.0,0.0,0.0,0.0,0.0,0.0,0.0,0.0,0.0,0.1,0.0,0.0,0.1,0.1
720575940619877396,0.0,0.0,0.3,3.7,19.8,43.9,60.6,69.0,74.2,81.7,86.6,87.0,90.8,94.0,97.1,99.4,101.8,100.6,101.7,104.9
720575940619898526,0.0,0.0,0.0,0.0,0.6,1.9,2.6,3.1,3.4,2.3,3.6,2.9,3.1,3.6,3.9,3.2,3.9,5.0,3.2,5.0
720575940619973712,0.5,12.2,27.9,42.2,51.9,62.9,70.0,78.3,83.4,89.5,93.9,99.8,103.7,106.1,110.5,113.6,116.5,118.9,121.9,125.1
720575940620025620,0.0,0.0,0.0,0.0,0.3,0.4,1.9,5.0,7.5,9.6,14.4,16.3,17.3,17.3,20.2,21.1,22.5,23.3,24.7,26.6
720575940620031366,0.0,0.0,0.0,0.1,1.4,4.2,10.0,18.8,24.9,30.5,34.7,37.6,39.0,42.0,42.7,44.5,45.8,46.4,50.1,50.2
720575940620124143,0.0,0.0,0.0,0.0,0.1,0.1,0.1,0.0,0.0,0.0,0.0,0.0,0.0,0.0,0.0,0.0,0.0,0.0,0.0,0.0
720575940620170887,0.0,0.0,0.0,0.0,0.1,0.2,0.8,2.0,3.3,5.4,7.5,10.0,11.5,13.5,15.7,17.1,18.2,19.8,22.0,24.4
720575940620271636,0.0,0.0,0.0,0.0,0.0,0.0,0.0,0.0,0.0,0.0,0.0,0.0,0.1,0.1,0.4,0.0,0.0,0.2,0.2,0.4
720575940620274085,0.0,0.0,0.1,6.6,22.1,46.8,60.5,69.4,74.9,80.7,83.2,85.9,89.0,92.2,95.0,96.4,97.2,100.3,100.4,101.1
720575940620292116,0.0,0.0,0.0,0.0,0.0,0.0,0.0,0.0,0.0,0.0,0.0,0.0,0.0,0.0,0.0,0.0,0.0,0.0,0.0,0.1
720575940620297819,0.0,0.0,0.0,0.0,0.3,0.3,0.6,0.5,0.2,0.2,0.2,0.2,0.0,0.0,0.0,0.1,0.2,0.1,0.0,0.0
720575940620335269,0.0,0.0,0.0,0.0,0.5,1.5,4.4,10.6,15.3,21.3,28.7,32.3,35.0,36.4,39.8,40.5,45.3,45.7,49.3,51.1
720575940620346417,0.0,0.0,0.0,0.0,0.0,0.0,0.0,0.0,0.0,0.0,0.0,0.0,0.0,0.0,0.0,0.1,0.0,0.0,0.1,0.1
720575940620346673,0.0,0.0,0.0,0.0,0.5,2.4,1.9,1.7,2.0,1.3,1.9,2.3,2.8,3.2,3.7,3.5,4.5,4.3,4.1,5.8
720575940620374693,0.0,0.0,0.0,0.0,0.3,1.0,1.8,6.5,10.6,15.6,17.7,19.4,21.5,24.8,25.3,26.8,27.7,29.6,30.2,32.3
720575940620473547,0.0,0.0,0.0,0.0,0.0,0.0,0.0,1.8,3.0,6.0,9.0,12.6,14.0,16.2,18.0,19.5,20.2,21.8,22.9,24.5
720575940620474278,0.0,0.0,0.0,0.0,0.0,0.0,0.0,0.0,0.0,0.0,0.1,0.0,0.1,0.2,0.6,0.8,0.4,1.0,1.0,1.5
720575940620481240,0.0,0.7,5.1,12.3,18.4,24.2,29.0,32.9,36.1,39.9,40.9,44.6,45.9,48.5,49.7,51.7,53.4,54.5,56.6,57.8
720575940620673985,0.0,0.0,0.0,1.6,8.4,20.2,30.9,37.1,40.8,47.1,49.5,52.3,55.0,57.1,59.3,60.9,62.7,62.2,63.5,65.7
720575940620714150,0.0,0.0,0.0,0.3,3.3,5.8,5.5,6.4,6.3,7.2,6.8,5.5,6.3,5.7,6.3,5.4,6.7,5.1,4.9,4.8
720575940620780272,0.0,0.0,0.0,0.0,0.2,1.1,2.6,7.1,9.8,14.0,15.0,16.9,18.7,20.0,22.5,23.2,24.0,24.4,26.6,28.6
720575940620805046,0.0,0.0,0.0,0.1,1.4,5.3,8.3,10.5,11.6,13.6,14.7,15.8,17.0,18.1,19.1,19.7,21.1,21.6,21.3,23.5
720575940620873793,0.0,0.0,0.0,0.1,1.3,3.1,5.2,7.4,7.5,10.0,10.6,10.2,10.7,12.5,13.2,14.7,15.1,13.4,15.8,15.6
720575940620874757,3.0,12.4,20.9,29.8,38.9,48.4,54.2,61.6,66.9,71.9,76.8,85.3,87.7,91.8,97.5,102.4,106.8,108.9,112.4,116.4
720575940621057702,0.0,0.0,0.0,0.0,0.0,0.1,0.6,2.0,2.5,4.0,6.8,7.3,8.7,10.5,12.1,12.8,13.9,15.0,14.4,17.1
720575940621148948,0.0,0.0,0.0,0.1,1.3,3.1,5.0,7.4,7.4,10.0,10.6,10.1,10.7,12.4,13.2,14.6,15.0,13.3,15.8,15.6
720575940621261296,0.0,0.0,0.0,1.6,8.5,21.2,30.9,35.6,37.9,41.6,43.9,45.3,46.3,47.6,50.1,49.4,52.6,53.1,51.4,53.1
720575940621345012,0.0,0.0,0.0,0.0,0.0,0.0,0.0,0.0,0.0,0.0,0.0,0.0,0.0,0.0,0.0,0.0,0.0,0.0,0.0,0.2
720575940621393172,0.0,0.0,0.0,0.0,0.1,0.0,0.0,0.0,0.0,0.0,0.0,0.0,0.0,0.0,0.0,0.0,0.0,0.0,0.0,0.0
720575940621399899,0.0,0.0,0.0,1.5,8.8,22.4,32.4,38.8,43.3,48.8,52.0,52.9,56.4,58.1,59.7,60.6,63.0,64.0,63.8,65.8
720575940621411749,0.0,0.0,0.0,0.0,0.0,0.0,0.0,0.0,0.0,0.0,0.0,0.1,0.0,0.0,0.0,0.2,0.0,0.0,0.0,0.0
720575940621422518,0.0,0.0,0.0,0.1,1.5,6.4,9.8,13.6,16.2,18.2,20.0,22.2,23.2,24.9,26.1,26.5,28.7,29.4,29.1,30.0
720575940621468404,0.0,0.0,0.0,0.1,1.3,3.1,4.7,7.1,7.2,9.2,9.1,8.9,9.2,10.7,10.8,11.2,11.3,10.6,11.9,12.2
720575940621502051,10.3,19.7,27.3,40.6,49.9,58.0,70.6,78.0,91.6,95.7,111.3,111.3,131.3,140.8,155.2,152.8,166.1,178.5,194.8,194.0
720575940621519130,0.0,0.0,0.0,0.1,0.7,1.5,2.0,1.9,0.9,1.3,0.4,0.4,0.3,0.0,0.0,0.1,0.0,0.0,0.0,0.0
720575940621538142,0.0,0.0,0.0,0.3,2.4,9.1,15.6,19.8,22.7,26.9,29.4,30.2,31.0,32.8,32.7,34.6,35.6,35.0,35.2,35.7
720575940621545606,0.0,0.0,0.0,0.0,0.1,0.0,0.0,0.0,0.0,0.0,0.0,0.0,0.0,0.0,0.0,0.0,0.0,0.0,0.0,0.0
720575940621573030,0.0,0.0,0.0,0.0,0.2,1.1,2.5,4.9,6.6,9.0,10.8,12.0,13.3,14.8,15.5,16.3,17.5,17.0,17.8,19.0
720575940621573542,0.0,0.0,0.0,0.0,0.0,0.0,0.0,0.2,0.5,0.2,0.8,1.4,1.8,1.7,2.6,2.9,3.4,2.8,2.7,3.6
720575940621586854,0.0,0.9,6.1,17.9,31.3,56.2,69.5,77.0,81.9,89.0,94.5,97.3,101.8,105.5,109.4,111.2,114.7,115.6,117.2,119.9
720575940621667693,0.0,0.0,0.0,0.0,0.2,0.5,1.6,4.0,6.6,9.6,10.9,12.4,13.4,14.6,15.4,14.5,14.4,14.4,14.6,15.2
720575940621754367,9.7,17.6,30.6,41.9,51.8,59.6,69.8,77.1,86.2,95.6,104.1,119.6,123.8,141.6,149.4,160.2,172.1,171.5,185.2,196.9
720575940621771041,0.0,0.0,0.0,0.0,0.0,0.0,0.0,0.0,0.0,0.0,0.0,0.0,0.0,0.0,0.0,0.0,0.0,0.1,0.0,0.0
720575940621777390,0.0,0.0,0.0,0.4,2.7,5.5,7.0,6.7,8.2,8.2,8.4,9.7,9.3,10.2,10.9,11.2,12.4,13.3,12.9,13.4
720575940621835174,0.0,0.0,0.0,0.4,3.5,4.9,3.8,2.9,1.3,0.8,0.6,0.5,0.2,0.0,0.0,0.1,0.2,0.0,0.0,0.0
720575940621902085,0.0,0.0,0.0,0.0,0.0,0.0,0.0,0.0,0.0,0.0,0.0,0.0,0.2,1.0,0.6,1.8,1.5,2.0,1.8,3.7
720575940622027222,0.0,0.0,0.0,0.7,4.0,7.3,8.2,8.3,7.7,8.4,7.9,7.5,6.7,6.3,7.4,6.1,6.4,5.7,5.3,4.3
720575940622116705,0.0,0.0,0.1,1.9,6.0,14.8,18.2,23.4,28.8,32.8,37.1,42.7,45.4,49.0,51.7,55.7,58.5,60.5,63.6,65.8
720575940622147873,0.0,0.0,0.0,0.0,0.0,0.0,0.0,0.0,0.0,0.0,0.0,0.1,0.0,0.0,0.0,0.2,0.0,0.0,0.0,0.0
720575940622195625,0.0,0.0,0.0,0.2,0.0,0.1,0.0,0.0,0.0,0.0,0.0,0.0,0.0,0.0,0.0,0.0,0.0,0.0,0.0,0.0
720575940622235425,0.0,0.0,0.0,2.0,9.4,22.9,31.3,37.7,42.5,47.4,51.3,54.4,56.2,59.2,61.3,63.1,65.1,66.0,67.1,68.2
720575940622348156,0.0,0.0,0.0,0.0,0.2,0.3,1.7,4.4,6.5,9.6,11.1,13.1,14.6,15.7,17.6,17.6,18.5,18.6,19.3,21.0
720575940622552675,0.0,0.0,0.0,0.0,0.0,0.0,0.0,0.0,0.0,0.0,0.0,0.0,0.0,0.1,0.1,0.0,0.0,0.2,0.2,0.2
720575940622624214,0.0,0.0,0.0,0.0,0.1,0.0,0.3,0.4,0.9,1.6,2.1,2.3,2.6,3.4,3.4,2.9,3.3,4.7,5.0,5.2
720575940622695448,11.4,34.1,50.8,64.6,75.2,87.8,94.2,100.6,107.6,113.8,118.9,125.4,129.6,133.5,137.6,141.5,145.4,148.8,151.4,156.1
720575940622734106,0.0,0.0,0.0,0.0,0.0,0.0,0.0,0.1,0.3,0.5,1.3,1.8,2.1,3.4,4.3,5.5,6.7,7.7,7.8,9.1
720575940622810153,0.0,0.0,0.0,0.0,0.5,0.7,2.7,7.5,12.1,15.4,22.6,25.2,25.7,26.8,31.5,31.9,34.6,35.0,36.9,39.2
720575940623072013,0.0,0.0,0.0,0.1,1.3,3.1,5.0,7.4,7.4,10.0,10.6,10.1,10.7,12.4,13.2,14.6,15.0,13.3,15.8,15.6
720575940623126697,0.0,0.0,0.0,0.0,0.1,0.0,0.0,0.0,0.0,0.0,0.0,0.0,0.0,0.0,0.0,0.0,0.0,0.0,0.0,0.0
720575940623137818,0.0,0.0,0.0,0.0,0.0,0.0,0.0,0.0,0.0,0.0,0.0,0.0,0.0,0.0,0.1,0.0,0.0,0.0,0.0,0.0
720575940623192781,0.0,0.0,0.0,0.0,0.2,0.5,1.4,3.8,5.3,7.9,9.3,11.2,12.2,13.6,14.7,15.9,16.7,17.6,18.8,19.5
720575940623209165,0.0,0.0,0.0,0.0,0.3,0.6,1.8,4.0,6.2,7.7,11.2,14.1,14.4,15.5,17.6,17.4,18.6,20.2,21.2,23.7
720575940623210445,0.3,1.3,4.1,8.7,12.4,18.0,20.7,25.7,31.5,34.4,41.2,44.8,46.9,54.2,56.8,61.5,62.6,67.3,69.7,73.6
720575940623211725,0.0,0.0,0.0,2.4,13.4,35.4,49.9,59.5,65.3,71.9,77.3,80.4,83.4,88.5,90.4,92.5,96.3,97.4,98.1,101.4
720575940623352063,0.0,0.5,2.7,9.9,22.1,42.1,54.2,63.4,67.9,73.5,79.6,82.8,87.4,89.8,91.7,93.2,96.2,99.2,100.2,102.8
720575940623426854,0.0,0.0,0.0,0.0,0.0,0.1,0.5,1.4,2.3,2.6,3.5,5.1,4.9,6.7,7.3,7.4,8.4,8.9,8.5,9.4
720575940623453959,0.0,0.0,0.0,0.5,4.2,12.3,17.9,21.8,25.2,27.7,31.2,30.1,32.5,33.2,34.9,35.0,37.0,38.5,37.8,39.0
720575940623473335,0.0,0.0,0.0,0.0,0.0,0.0,0.0,0.0,0.0,0.0,0.0,0.0,0.0,0.0,0.1,0.0,0.0,0.1,0.0,0.0
720575940623478115,0.0,0.0,0.0,0.0,0.2,0.8,1.6,5.4,9.3,13.0,16.7,18.1,20.4,22.7,23.5,25.4,27.0,28.2,28.3,30.9
720575940623499132,0.0,0.0,0.0,0.0,0.1,0.0,0.0,0.0,0.0,0.0,0.0,0.0,0.0,0.0,0.0,0.0,0.0,0.0,0.0,0.0
720575940623637226,0.0,0.0,0.0,0.2,1.0,0.1,0.0,0.0,0.0,0.0,0.0,0.0,0.0,0.0,0.0,0.0,0.0,0.0,0.0,0.0
720575940623847181,0.0,0.0,0.0,0.0,0.0,0.0,0.0,0.0,0.0,0.3,0.6,0.3,0.4,0.8,1.3,1.3,1.1,1.7,2.2,3.5
720575940623862015,0.0,0.0,0.0,0.0,0.0,0.0,0.0,0.0,0.0,0.0,0.0,0.0,0.0,0.0,0.0,0.1,0.0,0.0,0.1,0.1
720575940623888397,0.0,0.0,0.0,0.0,0.1,0.0,0.0,0.0,0.0,0.0,0.0,0.0,0.0,0.0,0.0,0.0,0.0,0.0,0.0,0.0
720575940624023188,0.0,0.0,0.0,0.3,2.7,9.0,13.8,18.1,20.7,24.2,26.3,27.2,29.9,31.8,33.0,34.3,35.1,35.8,36.6,39.0
720575940624163303,0.0,0.0,0.0,0.1,1.0,2.3,2.8,4.3,4.6,5.7,4.9,4.2,4.2,4.8,4.5,5.0,4.8,4.4,4.4,4.3
720575940624310857,0.0,0.0,0.0,0.0,0.0,0.0,0.0,0.0,0.0,0.0,0.1,0.1,0.5,0.5,1.1,1.5,1.6,1.7,2.4,3.5
720575940624484796,0.0,0.0,0.1,2.3,12.8,30.6,43.9,50.7,54.2,60.3,63.7,64.8,67.2,70.0,72.2,72.8,75.7,75.0,75.5,77.8
720575940624600840,0.0,0.0,0.0,0.3,2.4,8.8,13.3,16.3,18.8,20.5,21.7,22.7,23.1,24.6,24.4,24.4,25.0,25.2,24.7,25.1
720575940624623287,0.0,0.0,0.0,0.0,1.0,4.1,8.6,12.8,15.7,19.7,22.4,24.0,25.5,26.8,28.5,29.9,31.1,31.4,32.7,34.7
720575940624774839,0.0,0.0,0.0,0.0,0.1,0.0,0.0,0.0,0.0,0.0,0.0,0.0,0.0,0.0,0.0,0.0,0.0,0.0,0.0,0.0
720575940624816115,0.0,0.0,0.0,0.0,0.0,0.0,0.0,0.0,0.0,0.1,0.0,0.0,0.0,0.0,0.0,0.0,0.1,0.0,0.0,0.0
720575940624897516,0.0,0.0,0.0,0.8,6.8,14.6,20.0,24.8,28.5,31.7,33.6,33.8,36.4,37.8,39.0,40.8,42.6,43.1,42.5,44.6
720575940624902729,0.0,0.0,0.0,0.0,0.1,0.0,0.0,0.0,0.0,0.0,0.0,0.0,0.0,0.0,0.0,0.0,0.0,0.0,0.0,0.0
720575940624906483,0.0,0.0,0.0,0.3,2.4,8.8,13.7,18.1,20.2,23.9,26.0,27.2,29.0,31.0,32.8,33.7,35.3,36.2,37.3,38.6
720575940624963786,9.5,21.8,28.6,40.2,47.8,56.5,70.2,79.3,86.9,104.2,111.7,123.6,126.7,137.6,156.1,155.9,169.5,169.4,183.9,189.7
720575940624966840,0.0,0.0,0.0,1.0,7.2,19.8,30.3,36.5,39.7,43.4,46.7,48.1,50.6,53.0,54.8,54.7,58.0,58.7,59.0,59.7
720575940624986919,0.0,0.0,0.0,0.0,0.0,0.0,0.0,0.0,0.0,0.1,0.0,0.0,0.0,0.0,0.0,0.0,0.1,0.0,0.0,0.0
720575940625045180,0.0,0.0,0.0,0.0,0.8,2.1,6.1,16.2,24.1,32.5,43.8,49.1,52.5,53.4,60.4,60.1,64.3,66.6,70.0,74.0
720575940625047484,0.0,0.0,0.0,0.2,2.1,6.4,13.3,21.5,27.7,34.2,39.0,41.5,44.9,47.7,49.2,51.4,53.2,54.5,56.2,57.6
720575940625102692,0.0,0.0,0.1,1.9,5.9,10.8,17.4,23.0,26.1,31.5,33.7,36.6,39.5,41.8,44.3,45.8,48.5,49.3,51.7,54.2
720575940625164558,0.0,0.0,0.0,0.0,0.0,0.0,0.0,0.0,0.0,0.0,0.0,0.0,0.0,0.0,0.0,0.0,0.0,0.1,0.0,0.1
720575940625175054,0.0,0.0,0.0,0.0,0.3,0.7,1.7,5.5,8.5,12.8,15.9,19.2,21.4,22.5,26.0,26.2,27.6,29.5,31.3,33.1
720575940625178768,0.0,0.0,0.0,0.0,0.2,0.8,2.0,5.2,7.2,9.1,10.4,12.8,13.9,14.5,17.0,17.6,18.3,18.8,20.3,21.5
720575940625561406,0.0,0.0,0.0,0.0,0.0,0.0,0.0,0.0,0.0,0.1,0.0,0.0,0.0,0.0,0.0,0.0,0.1,0.0,0.0,0.0
720575940625580988,0.0,0.0,0.0,0.4,3.5,10.3,16.7,21.5,23.9,27.3,30.0,31.5,32.1,34.4,35.8,36.4,37.9,38.6,39.0,40.4
720575940625612474,0.0,0.0,0.0,0.1,0.4,2.5,3.4,5.7,5.0,7.5,6.5,6.5,6.3,8.0,7.3,7.3,7.4,5.7,6.6,6.7
720575940625641402,0.0,0.0,0.0,0.1,2.8,6.6,7.6,7.7,7.5,7.5,6.0,4.7,4.5,3.5,3.2,3.4,2.6,2.5,2.4,1.6
720575940625705930,0.0,0.0,1.4,6.5,13.9,24.7,31.0,37.2,41.8,46.7,50.2,54.6,56.7,59.0,61.6,64.5,66.6,67.6,69.6,71.6
720575940625737776,0.0,0.0,0.0,0.9,6.5,19.2,26.3,31.5,33.3,37.3,38.9,40.3,42.7,45.4,47.2,47.2,48.8,49.9,49.9,51.6
720575940625779075,0.0,0.0,0.0,0.0,0.0,0.0,0.0,0.0,0.0,0.0,0.0,0.0,0.0,0.0,0.0,0.1,0.0,0.0,0.1,0.1
720575940625852464,0.0,0.0,0.0,0.0,0.0,0.0,0.0,0.0,0.0,0.0,0.0,0.0,0.0,0.0,0.0,0.0,0.1,0.0,0.0,0.1
720575940625861168,0.0,0.0,0.0,0.0,0.0,0.0,0.0,0.0,0.5,1.0,3.6,6.5,8.9,11.0,13.7,16.2,17.5,18.6,20.3,21.4
720575940625861660,0.0,0.0,0.0,1.7,7.4,16.2,22.3,27.8,32.7,35.9,38.5,40.2,42.5,44.5,44.3,46.4,48.9,48.7,49.5,50.0
720575940625867056,0.0,0.0,0.0,1.4,6.3,15.5,23.4,31.0,37.5,42.6,46.9,50.7,53.8,58.3,60.5,64.8,65.9,68.9,70.5,72.9
720575940625874992,0.0,0.0,0.0,0.0,0.8,1.7,5.5,14.0,19.6,25.5,34.9,39.0,39.7,40.9,47.3,47.0,49.6,52.5,54.7,58.4
720575940625875504,0.0,0.0,0.0,0.0,0.7,1.1,4.2,11.7,17.2,22.5,30.8,34.6,35.6,36.7,43.3,41.7,44.7,46.3,48.4,50.9
720575940625970471,0.0,0.0,0.0,0.0,0.1,0.0,0.0,0.0,0.0,0.0,0.0,0.0,0.0,0.0,0.0,0.0,0.0,0.0,0.0,0.0
720575940626039996,0.0,0.0,0.0,0.0,0.1,0.0,0.0,0.0,0.0,0.0,0.0,0.0,0.0,0.0,0.0,0.0,0.0,0.0,0.0,0.0
720575940626094350,0.0,0.0,0.0,0.8,3.3,5.3,5.0,5.9,4.3,5.2,4.4,4.2,3.6,3.4,4.3,4.9,4.2,3.1,4.3,2.9
720575940626191306,0.2,8.1,21.6,35.8,44.6,52.9,59.3,65.8,71.1,77.3,81.8,86.7,91.2,94.2,99.0,102.0,105.2,108.1,111.8,114.9
720575940626278974,0.0,0.0,0.0,0.6,5.9,17.0,26.0,28.7,29.8,31.6,32.9,33.0,33.1,36.0,36.7,36.6,39.0,40.4,41.1,41.4
720575940626279742,0.0,0.0,0.0,0.0,0.8,4.5,8.6,10.8,12.6,12.4,13.0,13.9,15.7,16.9,19.4,20.0,21.4,23.6,24.9,27.3
720575940626289021,0.0,0.0,0.0,0.0,0.0,0.0,0.0,0.2,0.2,0.3,1.0,0.8,1.5,2.0,3.5,3.9,5.8,6.3,6.6,9.3
720575940626308697,0.0,0.0,0.0,0.0,0.0,0.0,0.1,0.9,1.6,4.0,5.4,8.8,11.0,12.3,15.4,16.3,17.4,18.8,20.4,21.7
720575940626495746,0.0,0.0,0.0,0.3,0.8,4.9,9.2,14.5,20.8,24.4,27.6,30.9,33.1,35.8,36.4,39.3,40.6,42.7,44.1,45.6
720575940626626597,0.0,0.0,0.0,0.3,2.7,8.9,13.8,18.1,20.3,24.1,26.1,27.2,29.8,31.5,32.8,34.2,34.5,35.6,36.5,38.4
720575940626674182,0.0,0.0,0.0,0.0,0.0,0.0,0.0,0.0,0.0,0.0,0.0,0.0,0.0,0.0,0.0,0.0,0.2,0.3,1.4,2.7
720575940626773523,0.0,0.0,0.0,0.0,0.1,0.0,0.0,0.0,0.0,0.0,0.0,0.0,0.0,0.0,0.0,0.0,0.0,0.0,0.0,0.0
720575940626784868,0.0,0.0,0.0,0.0,0.1,0.0,0.0,0.0,0.0,0.0,0.0,0.0,0.0,0.0,0.0,0.0,0.0,0.0,0.0,0.0
720575940626826288,0.0,0.0,0.0,0.0,0.7,2.9,5.5,7.4,9.4,10.8,11.3,12.2,12.9,14.1,14.1,15.1,15.2,16.3,16.6,17.1
720575940626835146,0.0,1.3,4.3,11.7,19.1,28.1,36.8,44.8,53.0,57.3,61.2,65.7,68.4,72.8,74.0,78.4,79.0,82.6,82.9,86.0
720575940626860421,0.0,0.0,0.0,0.0,0.0,0.0,0.0,0.0,0.0,0.0,0.0,0.0,0.0,0.1,0.0,0.0,0.0,0.0,0.0,0.0
720575940626870846,0.0,0.0,0.0,0.0,0.0,0.0,0.0,0.0,0.0,0.0,0.0,0.0,0.0,0.1,0.0,0.0,0.3,0.4,0.5,1.5
720575940626872932,0.0,0.0,0.0,0.0,0.1,0.0,0.0,0.0,0.0,0.0,0.0,0.0,0.0,0.0,0.0,0.0,0.0,0.0,0.0,0.0
720575940626972056,0.0,0.0,0.0,0.0,0.0,0.0,0.0,0.0,0.0,0.0,0.0,0.0,0.0,0.0,0.0,0.0,0.4,0.5,1.2,1.8
720575940626993694,0.0,0.0,0.0,0.2,3.3,9.8,14.8,18.5,19.6,23.1,24.2,25.3,25.0,26.4,27.5,28.7,29.2,28.5,29.0,30.0
720575940626999464,0.0,0.0,0.0,0.0,0.0,0.0,0.0,0.0,0.1,0.1,0.5,1.0,0.7,1.5,1.8,2.4,2.4,2.9,4.1,6.0
720575940627083294,0.0,0.0,0.0,0.0,1.8,4.9,9.2,11.6,13.4,16.0,18.5,20.5,22.3,24.5,26.4,27.5,30.1,30.8,33.8,35.0
720575940627086594,0.0,0.0,0.0,0.1,1.2,5.6,8.8,12.3,13.8,15.8,18.6,20.4,21.2,23.4,24.2,24.9,27.1,27.6,28.4,29.6
720575940627099338,0.0,0.0,0.1,1.4,8.2,18.9,23.0,27.1,27.9,30.0,30.7,31.4,33.7,33.4,35.9,35.1,36.6,36.1,36.5,38.2
720575940627107271,0.0,0.0,0.0,0.0,0.1,0.1,0.5,1.1,2.2,3.4,5.3,6.6,6.6,6.4,8.3,8.5,8.4,9.5,10.4,11.9
720575940627107721,0.0,0.0,0.0,0.3,0.2,0.0,0.0,0.0,0.0,0.0,0.0,0.0,0.0,0.0,0.0,0.0,0.0,0.0,0.0,0.0
720575940627281594,0.0,0.0,0.0,0.0,0.0,0.0,0.0,0.0,0.0,0.0,0.0,0.0,0.0,0.0,0.0,0.1,0.0,0.0,0.1,0.1
720575940627312668,0.0,0.0,0.0,0.0,0.0,0.0,0.0,0.0,0.0,0.0,0.0,0.0,0.0,0.1,0.0,0.0,0.1,0.1,0.0,0.2
720575940627383685,4.7,24.4,39.8,53.4,63.1,74.2,80.5,87.1,93.4,99.0,103.9,110.5,114.5,117.5,121.7,126.3,129.5,132.2,135.8,139.5
720575940627410451,0.0,0.0,0.0,2.0,11.2,27.9,36.5,42.2,43.6,47.2,46.9,49.0,47.6,50.0,49.6,47.7,48.7,50.8,48.6,49.5
720575940627419676,0.0,0.0,0.0,0.0,0.0,0.0,0.0,0.0,0.0,0.0,0.0,0.0,0.0,0.1,0.0,0.0,0.0,0.0,0.1,0.3
720575940627779983,0.0,0.0,0.0,0.1,2.4,9.0,13.5,17.8,19.2,22.8,24.7,25.7,27.2,28.7,30.1,30.6,32.4,33.5,33.3,34.0
720575940627787609,0.0,0.0,0.0,0.0,0.1,0.0,0.3,0.0,0.1,0.1,0.2,0.1,0.2,0.1,0.2,0.5,0.3,0.5,0.6,0.4
720575940627812168,0.0,0.0,0.0,0.2,1.7,4.1,7.9,10.8,13.5,17.9,20.8,23.3,24.2,27.4,28.4,30.3,32.0,33.4,34.3,36.4
720575940627814728,0.0,0.0,0.0,0.0,0.0,0.0,0.0,0.0,0.0,0.0,0.1,0.2,0.1,0.3,0.6,0.2,0.5,1.3,0.9,2.3
720575940627826760,0.0,0.0,0.0,0.1,0.1,0.0,0.0,0.0,0.0,0.0,0.0,0.0,0.0,0.0,0.0,0.0,0.0,0.0,0.0,0.0
720575940627828296,0.0,0.0,0.0,0.0,0.0,0.0,0.0,0.0,0.0,0.0,0.0,0.0,0.0,0.0,0.0,0.0,0.0,0.0,0.2,0.0
720575940627847752,0.0,0.0,0.2,1.9,10.0,23.2,30.0,35.2,36.3,39.8,41.6,43.2,45.5,47.2,49.4,50.2,52.9,52.8,53.3,55.7
720575940627949626,0.0,0.0,0.0,0.0,0.0,0.0,0.0,0.0,0.0,0.0,0.0,0.1,0.0,0.0,0.0,0.2,0.0,0.0,0.0,0.0
720575940628070419,0.0,0.0,0.0,0.0,0.0,0.0,0.0,0.0,0.0,0.0,0.0,0.0,0.0,0.0,0.1,0.1,0.3,0.2,0.1,0.0
720575940628114684,0.0,0.3,2.2,8.0,12.3,20.0,24.6,30.4,34.7,39.2,43.8,47.8,51.9,54.5,57.9,61.8,63.8,67.6,69.0,72.2
720575940628129129,0.0,0.0,0.0,0.0,0.0,0.2,0.5,0.3,0.5,0.2,0.3,0.2,0.5,0.6,0.6,0.6,0.7,0.8,0.4,0.7
720575940628372613,0.0,0.0,0.0,0.0,0.0,0.0,0.0,0.0,0.0,0.0,0.0,0.0,0.0,0.0,0.0,0.0,0.0,0.0,0.4,0.0
720575940628446010,0.0,0.0,0.0,0.8,1.6,5.7,7.7,12.8,17.3,20.7,23.6,26.4,29.0,31.0,31.3,33.8,34.7,35.2,36.0,37.9
720575940628598121,0.0,0.0,0.0,0.0,0.9,1.9,6.3,16.6,23.9,31.4,42.8,47.2,49.8,50.8,57.6,58.3,62.5,64.1,67.4,70.8
720575940628648809,0.0,0.0,0.0,1.5,9.4,23.7,32.8,39.3,42.4,47.0,51.5,52.6,53.4,57.0,59.3,59.6,62.4,62.8,63.3,65.0
720575940628676457,0.0,0.0,0.0,0.0,0.0,0.2,0.3,0.8,1.9,2.6,4.3,6.0,6.7,8.1,9.1,10.2,10.7,11.7,14.1,14.7
720575940628695043,0.0,0.0,0.0,0.0,0.0,0.0,0.0,0.0,0.0,0.0,0.0,0.0,0.0,0.0,0.0,0.1,0.0,0.0,0.1,0.1
720575940628743752,0.0,0.0,0.0,0.0,0.8,1.6,5.3,14.0,19.6,25.9,35.4,39.8,41.5,42.2,49.8,48.5,53.0,54.1,57.2,60.5
720575940628755815,0.0,0.0,0.1,1.0,3.4,8.8,17.1,28.9,37.8,45.2,50.4,53.0,56.2,58.8,60.3,62.9,63.9,65.0,66.2,68.6
720575940628791812,0.0,0.0,0.0,0.0,0.1,0.0,0.0,0.0,0.0,0.0,0.0,0.0,0.0,0.0,0.0,0.0,0.0,0.0,0.0,0.0
720575940628802069,0.0,0.0,0.0,0.1,0.2,0.4,0.5,0.3,0.6,0.9,1.1,0.9,0.5,0.8,1.0,1.0,0.9,0.7,0.8,1.0
720575940628815381,0.0,0.0,0.0,0.0,0.8,5.0,10.1,15.1,18.0,21.2,23.3,27.0,28.2,29.6,31.5,32.6,33.9,35.6,35.3,37.6
720575940628826128,0.0,0.0,0.0,1.4,8.9,20.8,26.6,31.0,33.6,34.9,35.7,36.2,37.0,38.2,37.5,37.1,38.6,37.5,36.6,39.2
720575940628853239,8.7,20.5,30.3,38.3,48.1,58.0,71.5,76.3,86.6,99.2,112.2,122.7,130.9,138.7,146.7,160.7,172.6,177.1,188.3,200.7
720575940628972048,0.0,0.0,1.9,7.4,13.6,20.3,24.2,28.3,31.4,34.6,37.3,41.1,42.1,44.9,46.4,48.1,50.0,51.0,51.9,54.2
720575940628995331,0.0,0.0,0.0,0.0,0.0,0.1,0.1,1.0,1.1,0.8,1.3,2.5,2.0,2.8,2.7,3.2,3.5,2.8,2.2,3.9
720575940628997123,0.0,0.0,0.0,1.4,6.0,10.4,12.0,13.3,14.7,13.5,15.9,16.1,17.4,16.1,16.6,18.5,16.8,17.8,17.2,17.4
720575940628998659,0.0,0.0,0.0,0.2,2.2,7.6,13.2,16.4,18.2,20.0,22.4,25.0,25.3,27.2,28.6,29.7,31.9,32.1,33.9,33.8
720575940629000783,0.0,0.0,0.0,0.3,2.9,9.1,14.3,18.9,21.8,26.0,27.1,29.2,31.5,33.7,34.7,36.1,38.0,37.6,38.7,41.1
720575940629176663,9.2,21.1,29.2,42.2,51.5,59.9,72.2,79.5,88.3,99.5,112.6,116.9,133.3,131.4,144.3,156.7,166.0,175.5,190.0,196.3
720575940629207963,0.0,0.0,0.0,0.0,0.1,0.2,0.5,1.4,2.3,3.6,5.6,7.3,8.5,9.6,11.4,12.9,13.4,15.1,15.6,17.6
720575940629239934,0.0,0.0,0.0,0.1,3.6,11.3,18.6,23.9,27.5,30.8,33.6,35.1,36.9,38.3,40.8,41.2,43.4,43.4,44.6,46.0
720575940629327659,0.0,0.0,0.0,0.0,0.0,0.0,0.0,0.0,0.0,0.0,0.0,0.0,0.0,0.0,0.2,0.2,0.1,0.2,0.0,0.0
720575940629377132,0.0,0.0,0.0,0.0,0.0,0.0,0.0,0.0,0.0,0.0,0.0,0.0,0.0,0.0,0.0,0.1,0.0,0.0,0.1,0.1
720575940629393207,0.0,0.0,0.0,0.0,0.0,0.0,0.0,0.0,0.0,0.0,0.0,0.0,0.0,0.0,0.0,0.1,0.0,0.0,0.1,0.1
720575940629421415,0.0,0.0,0.0,0.0,0.0,0.0,0.1,0.1,0.1,0.6,0.2,0.1,0.4,0.4,0.2,0.2,0.2,0.3,0.8,0.7
720575940629459718,0.0,0.0,0.0,0.1,1.3,3.1,4.8,7.1,7.2,9.5,9.2,9.0,9.2,10.6,10.8,11.1,11.5,11.0,11.8,12.4
720575940629561347,0.0,0.0,0.0,1.1,6.1,14.9,19.1,21.1,22.9,25.9,25.8,26.2,27.8,28.2,29.5,30.8,30.4,30.1,30.1,31.5
720575940629744599,0.2,1.3,2.1,1.4,0.4,0.3,0.1,0.4,0.1,0.0,0.1,0.1,0.0,0.0,0.1,0.0,0.0,0.0,0.0,0.0
720575940629778554,0.0,0.0,0.0,0.0,1.2,3.1,8.5,22.7,31.6,41.7,55.4,61.2,63.9,65.8,75.2,75.8,79.9,83.7,87.7,90.9
720575940629810748,0.0,0.0,0.1,2.4,12.6,31.7,44.0,51.6,56.4,60.5,64.5,67.0,67.9,71.8,74.0,74.5,77.2,77.0,78.9,80.7
720575940629812346,0.0,0.0,0.0,0.0,0.1,0.5,0.8,2.8,3.5,5.6,6.6,8.6,9.4,9.1,10.1,11.3,11.7,12.1,11.5,12.4
720575940629855787,0.0,0.0,0.0,0.0,0.0,0.0,0.0,0.0,0.1,0.2,0.5,0.7,0.7,1.2,2.2,2.1,2.0,2.3,3.2,4.2
720575940629888530,11.5,28.7,45.5,56.4,66.9,79.2,87.9,94.5,101.5,108.4,112.8,120.1,123.9,128.2,131.4,136.9,142.0,142.9,147.4,151.4
720575940629975516,0.0,0.0,0.0,0.0,0.0,0.0,0.0,0.0,0.0,0.1,0.0,0.0,0.0,0.0,0.0,0.0,0.1,0.0,0.0,0.0
720575940630034231,0.0,0.0,0.0,0.0,0.0,0.0,0.1,0.0,0.6,0.6,2.0,2.8,3.4,4.2,6.3,6.5,7.7,8.5,9.7,11.9
720575940630098284,0.0,0.0,0.0,0.0,0.1,0.0,0.0,0.0,0.0,0.0,0.0,0.0,0.0,0.0,0.0,0.0,0.0,0.0,0.0,0.0
720575940630233916,12.2,19.8,29.1,41.7,51.3,59.2,66.0,77.5,84.9,96.2,113.9,114.6,133.6,138.3,150.0,165.7,166.6,175.7,179.9,195.4
720575940630291767,0.0,0.0,0.0,0.4,3.7,5.5,5.2,5.2,5.4,6.1,6.4,5.3,5.9,6.1,6.6,5.5,7.1,6.2,5.9,6.7
720575940630403031,0.0,0.0,0.0,0.0,0.0,0.0,0.0,0.1,0.1,1.2,2.2,2.3,3.6,5.0,5.3,7.0,8.6,8.5,9.4,10.8
720575940630488540,0.0,0.0,0.0,0.0,0.0,0.0,0.0,0.1,0.1,0.1,0.3,0.6,0.7,1.0,1.8,2.3,2.0,3.0,3.7,5.5
720575940630579574,0.0,0.0,3.6,11.6,17.2,23.6,28.3,37.8,45.0,50.9,55.7,59.5,64.0,66.7,68.5,72.3,72.9,74.8,76.2,79.5
720575940630580854,0.0,0.0,0.0,0.0,0.0,0.1,0.0,0.0,0.0,0.0,0.0,0.0,0.0,0.0,0.0,0.0,0.0,0.0,0.0,0.0
720575940630664556,0.0,0.0,0.0,0.0,0.2,0.3,0.9,2.4,2.4,4.6,5.7,7.0,8.5,9.1,12.0,12.6,14.0,14.6,14.9,18.0
720575940630665210,0.0,0.0,0.0,0.0,0.2,0.4,1.6,4.2,6.7,9.8,10.9,13.0,13.9,14.5,15.8,14.9,14.5,13.8,14.3,14.4
720575940630667372,0.0,0.0,0.0,0.0,0.1,0.8,2.0,6.4,9.6,13.8,17.8,20.1,21.5,23.6,24.6,26.1,27.9,28.6,29.6,31.1
720575940630674038,0.0,0.0,0.0,0.0,0.0,0.1,0.6,2.2,4.4,7.4,10.4,12.1,14.0,16.1,17.4,18.5,19.9,21.0,21.8,23.1
720575940630683385,0.0,0.0,0.0,0.0,0.5,0.7,3.0,8.1,12.7,16.2,25.4,28.9,30.9,30.8,35.4,35.7,39.7,41.7,43.7,44.6
720575940630695798,0.0,0.0,0.0,0.0,0.0,0.1,0.0,0.0,0.0,0.0,0.0,0.0,0.0,0.0,0.0,0.0,0.0,0.0,0.0,0.0
720575940630745282,0.0,0.0,0.0,0.0,0.1,0.0,0.0,0.0,0.0,0.0,0.0,0.0,0.0,0.0,0.0,0.0,0.0,0.0,0.0,0.0
720575940630771449,0.0,0.0,0.0,0.0,0.0,0.0,0.0,0.1,0.2,0.3,0.4,1.4,1.5,2.0,3.7,3.6,3.1,3.6,4.9,6.3
720575940630797113,11.6,20.9,29.3,39.2,53.2,59.3,67.7,71.7,88.5,98.8,111.0,123.1,125.7,135.0,145.1,156.3,165.1,174.1,192.0,195.5
720575940630806267,0.0,0.0,0.0,0.0,0.3,0.4,1.6,3.9,6.4,7.9,12.2,13.3,14.9,14.7,18.2,17.6,19.3,20.5,21.4,23.2
720575940630820919,0.0,0.0,0.0,0.8,6.0,17.9,25.9,31.5,34.5,37.6,41.1,41.9,44.3,46.6,47.1,47.8,50.1,51.1,51.4,52.7
720575940630839371,0.0,0.0,0.0,0.0,0.0,0.0,0.0,0.0,0.0,0.0,0.1,0.0,0.0,0.0,0.0,0.0,0.0,0.0,0.0,0.0
720575940630865724,0.0,0.0,0.1,2.5,14.3,32.4,44.8,53.6,56.9,62.9,66.9,66.5,69.0,72.2,74.9,76.0,78.9,77.8,78.9,80.7
720575940630868793,0.0,0.0,0.0,0.0,1.4,3.7,10.0,28.4,39.0,50.1,66.9,73.3,76.6,75.7,85.4,86.4,90.2,92.5,96.8,100.7
720575940630931999,0.0,0.0,0.0,0.1,1.4,3.5,6.2,10.6,11.8,16.4,16.9,16.4,18.1,21.7,22.7,24.3,25.1,22.7,26.3,26.8
720575940630980559,0.0,0.0,0.0,0.0,0.0,0.0,0.0,0.1,0.2,0.1,0.1,0.2,0.4,0.7,1.0,1.0,0.8,1.0,1.4,1.6
720575940631108303,0.0,0.0,0.0,0.0,0.0,0.0,0.1,0.2,0.3,0.1,0.1,0.3,0.2,0.1,0.1,0.0,0.1,0.1,0.0,0.0
720575940631168057,0.0,0.0,0.0,0.1,1.5,5.8,11.7,19.2,26.6,31.8,36.6,39.2,41.7,45.0,45.9,49.1,50.9,51.9,53.1,55.0
720575940631179831,0.0,0.0,0.0,0.0,0.0,0.0,0.0,0.1,0.1,0.0,0.4,0.9,0.6,0.7,1.7,2.1,2.2,2.0,3.0,5.0
720575940631222844,0.0,0.0,0.0,0.4,3.1,8.1,11.8,13.8,15.1,14.4,17.3,17.0,17.5,19.0,19.5,19.1,20.9,21.1,21.2,22.8
720575940631283267,0.0,0.0,0.0,0.9,6.7,14.4,18.2,21.1,21.4,23.5,24.3,23.3,24.2,24.6,25.5,25.0,25.9,24.3,24.4,25.5
720575940631340815,0.0,0.0,0.0,0.0,0.0,0.4,1.0,3.5,5.2,8.2,10.1,11.6,12.8,14.0,14.9,15.7,16.9,17.7,17.7,19.4
720575940631349335,0.0,0.0,0.1,1.6,7.4,17.8,26.7,35.3,41.1,45.4,49.5,55.2,57.4,60.9,64.3,67.3,69.3,71.5,72.7,75.4
720575940631406411,0.0,0.0,0.0,0.0,0.3,1.4,3.9,10.4,15.5,21.0,25.8,27.6,29.4,32.5,32.3,34.9,36.2,36.8,37.9,39.4
720575940631575327,0.0,0.0,0.0,0.0,0.0,0.0,0.0,0.0,0.0,0.0,0.0,0.0,0.0,0.0,0.0,0.1,0.0,0.0,0.1,0.1
720575940631629160,0.0,0.0,0.0,0.0,0.0,0.0,0.0,0.5,0.5,1.4,0.8,1.5,1.2,1.3,2.1,2.9,2.7,3.5,4.8,3.9
720575940631662648,0.0,0.0,0.0,0.4,3.0,9.3,14.5,18.6,19.0,22.8,24.1,24.4,25.6,27.9,28.2,29.2,31.6,29.8,30.5,31.1
720575940631703608,0.2,1.3,4.3,10.2,16.3,24.0,30.4,38.4,47.7,52.4,57.7,62.1,66.3,70.2,73.0,77.0,79.2,81.9,82.6,86.9
720575940631714119,0.0,0.0,0.0,0.2,0.8,2.9,4.7,7.0,10.4,11.3,14.9,17.5,18.7,22.0,22.8,25.7,26.2,28.7,29.2,31.5
720575940631918649,0.0,0.0,0.0,2.7,15.6,38.9,51.7,61.8,65.1,71.5,75.9,77.8,80.1,81.8,84.5,85.4,87.6,88.6,90.0,90.9
720575940631959097,0.2,1.3,3.5,7.0,14.5,28.2,37.7,43.7,48.0,52.2,54.4,53.6,56.9,57.7,59.8,60.6,63.5,64.1,62.9,64.1
720575940631989352,0.0,0.0,0.0,0.0,0.0,0.0,0.0,0.1,0.0,0.0,0.0,0.0,0.0,0.0,0.0,0.0,0.0,0.0,0.3,0.1
720575940631994728,0.0,0.0,0.0,0.0,0.0,0.0,0.0,0.0,0.1,0.0,0.7,0.9,1.1,0.6,0.9,1.5,2.2,1.6,2.9,4.4
720575940631997032,0.0,0.0,0.1,1.0,3.5,9.0,17.5,30.7,40.5,49.7,55.4,57.6,60.6,63.7,64.2,67.2,68.5,70.2,71.1,73.3
720575940631999080,0.0,0.0,0.0,0.0,0.3,0.4,2.1,5.1,8.6,10.6,16.1,19.2,19.9,20.8,23.9,24.8,27.3,27.8,29.0,30.7
720575940632047890,0.0,0.9,6.1,17.0,27.4,46.8,57.1,66.6,71.9,78.8,83.7,89.9,93.8,98.5,100.5,104.9,106.9,110.1,111.6,115.4
720575940632118156,0.0,0.0,0.0,0.0,0.9,1.9,5.9,15.0,22.1,29.2,39.9,44.6,47.3,48.6,55.2,55.6,60.0,61.4,64.6,68.1
720575940632134227,0.0,0.0,0.0,0.0,0.0,0.1,0.3,1.6,2.5,3.9,5.8,7.2,7.8,8.8,10.8,11.6,12.4,13.5,13.8,14.9
720575940632159519,0.0,0.0,0.0,0.4,2.9,7.6,11.0,12.2,13.8,13.7,16.3,16.2,17.2,18.4,18.7,19.1,20.6,20.9,21.0,22.5
720575940632252743,0.0,0.0,0.0,1.9,10.4,25.3,33.4,40.8,44.6,50.9,54.4,57.2,59.9,62.3,64.6,67.2,69.1,69.5,72.3,72.1
720575940632304711,0.0,0.0,0.0,0.0,0.3,0.3,1.3,3.2,4.8,6.4,10.2,11.4,11.6,11.5,14.7,14.4,15.3,17.1,17.2,18.6
720575940632307025,0.0,0.0,0.0,0.0,0.0,0.0,0.0,0.0,0.0,0.0,0.0,0.1,0.0,0.0,0.0,0.2,0.0,0.0,0.0,0.0
720575940632365905,0.0,0.0,0.0,0.2,1.6,8.0,12.3,17.1,20.0,23.5,26.4,30.7,32.7,34.4,37.0,39.4,40.5,42.6,43.3,45.2
720575940632425919,10.8,19.4,28.3,40.9,47.6,61.7,68.5,82.4,88.5,95.3,100.4,122.3,126.9,136.5,143.4,151.2,174.0,182.5,182.3,199.3
720575940632602532,0.0,0.0,0.0,0.0,0.3,1.4,3.7,9.7,13.7,18.8,23.6,26.3,29.2,31.5,35.2,36.3,39.4,40.8,42.9,46.4
720575940632648612,0.0,1.2,11.6,24.7,33.1,42.2,48.9,55.3,61.2,65.9,71.2,76.1,79.7,83.1,87.3,91.0,93.7,96.4,99.4,102.8
720575940632659404,0.0,0.0,0.0,0.0,0.0,0.2,0.7,2.1,3.0,3.9,5.2,5.3,5.4,6.6,6.6,7.9,8.8,9.1,9.7,12.4
720575940632669800,0.0,0.0,0.0,0.0,0.1,0.0,0.0,0.0,0.0,0.0,0.0,0.0,0.0,0.0,0.0,0.0,0.0,0.0,0.0,0.0
720575940632689199,0.0,0.0,0.0,0.0,0.1,0.0,0.0,0.0,0.0,0.0,0.0,0.0,0.0,0.0,0.0,0.0,0.0,0.0,0.0,0.0
720575940632722515,0.0,0.0,0.0,0.0,0.0,0.0,0.0,0.0,0.0,0.0,0.0,0.1,0.0,0.0,0.0,0.2,0.0,0.0,0.0,0.0
720575940632722771,0.0,1.2,3.4,5.8,10.0,20.5,27.3,35.2,39.5,43.7,46.9,48.2,49.7,53.1,54.6,56.8,57.7,59.2,59.3,61.4
720575940632889389,8.5,20.4,28.4,40.7,47.6,60.8,67.8,73.4,91.5,95.5,112.1,119.0,122.2,139.8,147.5,157.7,165.5,178.9,187.8,197.8
720575940632936332,0.0,0.0,0.1,0.7,4.5,12.0,18.7,24.3,31.0,34.7,39.2,41.8,44.0,46.5,48.3,49.8,50.4,53.0,52.7,55.3
720575940632962786,0.0,0.0,0.0,0.0,0.8,2.0,3.8,4.7,5.2,5.4,4.5,3.1,3.3,3.1,2.3,2.0,2.1,1.6,1.9,1.1
720575940633116256,0.0,0.0,0.0,0.1,1.3,3.1,4.8,6.9,7.3,9.4,9.1,8.9,9.1,10.5,10.8,11.1,11.5,10.9,11.8,12.3
720575940633143833,10.9,20.6,28.8,37.9,52.1,61.8,69.2,76.8,90.1,97.8,116.9,122.2,128.0,138.0,147.3,157.2,161.8,172.0,183.4,195.5
720575940633185567,0.0,0.9,6.1,17.3,27.7,45.2,54.5,61.9,66.4,69.9,77.3,79.0,80.9,85.8,86.3,89.4,93.6,93.7,95.2,98.3
720575940633195148,0.0,0.0,0.0,0.0,0.0,0.0,0.0,0.0,0.0,0.0,0.0,0.0,0.3,0.4,0.2,0.4,0.4,0.1,0.2,0.0
720575940633218444,0.0,0.0,0.0,0.8,5.1,14.4,23.2,30.4,35.6,38.6,41.5,43.8,46.4,49.4,49.1,52.3,53.6,54.9,55.5,56.7
720575940633277209,0.0,0.2,6.1,16.3,23.7,33.7,39.4,46.0,50.6,56.7,60.5,66.2,69.2,72.2,75.9,79.3,82.7,84.6,87.6,91.0
720575940633293025,0.0,0.0,0.0,0.0,0.4,1.0,2.5,4.1,6.3,7.3,10.1,11.5,12.9,15.5,16.0,17.0,18.6,19.4,20.6,21.7
720575940633308371,0.0,0.0,0.0,0.0,0.1,1.3,2.3,3.8,4.8,7.0,6.8,7.5,8.2,9.1,10.7,10.5,11.6,11.3,11.5,12.6
720575940633316563,0.0,0.0,0.0,0.0,0.3,1.7,4.8,8.8,11.1,14.8,17.1,19.3,20.6,21.4,22.9,24.6,25.4,26.7,25.9,27.6
720575940633373651,0.0,0.0,0.0,0.0,0.0,0.0,0.0,0.0,0.0,0.0,0.0,0.0,0.0,0.0,0.1,0.0,0.0,0.0,0.1,0.0
720575940633612698,0.0,0.0,0.0,1.2,8.7,24.3,36.2,43.1,47.9,52.1,54.9,57.8,59.9,63.2,65.8,66.0,68.5,69.6,71.5,73.2
720575940634210155,0.0,0.0,0.0,0.0,0.1,0.0,0.2,0.2,0.5,1.3,0.6,0.8,1.2,0.7,1.5,1.7,1.5,2.2,2.2,2.7
720575940634301852,0.0,0.0,0.0,0.0,0.1,0.3,1.3,3.8,6.2,9.1,12.0,12.6,15.2,16.8,18.2,19.7,20.2,20.6,22.5,23.8
720575940634428058,0.0,0.0,0.0,0.1,1.3,3.1,4.6,6.6,6.7,9.0,8.4,8.2,8.6,9.7,9.8,9.5,10.0,9.4,10.7,10.8
720575940634645600,0.0,0.0,0.0,0.0,0.7,1.5,4.8,12.6,18.7,23.8,33.0,38.2,40.1,40.4,47.7,46.9,50.9,52.4,55.8,59.0
720575940634756203,0.0,0.0,0.0,0.3,2.0,4.4,5.1,4.6,6.4,6.6,6.9,8.8,8.1,9.2,9.9,11.4,10.4,10.9,11.4,11.8
720575940634825623,0.0,0.0,0.0,0.0,0.2,0.4,0.9,3.2,5.1,8.4,10.0,11.4,13.5,14.6,16.3,17.6,16.9,18.8,20.0,20.8
720575940635055039,0.0,0.0,0.0,0.7,5.3,17.2,23.4,28.4,31.9,35.0,37.4,40.5,42.2,44.5,46.3,47.7,49.8,50.3,50.3,52.4
720575940635179871,0.0,0.0,0.0,0.0,0.2,1.4,4.6,7.8,11.6,16.7,20.1,24.7,27.8,30.2,34.8,37.0,40.0,41.6,44.3,47.1
720575940635211115,0.0,0.0,0.0,0.0,0.0,0.0,0.0,0.0,0.0,0.0,0.1,0.1,0.3,0.5,1.0,1.3,1.3,1.7,1.9,3.2
720575940635239672,0.0,0.0,0.0,0.0,0.1,0.2,0.8,1.8,3.0,4.8,7.3,9.5,10.7,13.1,14.7,16.3,18.0,19.4,21.3,24.2
720575940635360924,0.0,0.0,0.0,0.0,0.7,1.7,5.1,12.7,19.5,25.7,34.6,39.1,40.5,41.2,48.2,48.0,51.8,53.8,57.0,59.4
720575940635578303,0.0,0.0,0.0,0.5,5.4,14.0,21.0,25.2,27.8,30.9,33.5,34.7,36.9,38.2,39.1,39.5,42.2,41.2,42.3,43.0
720575940635696279,0.0,0.0,0.0,0.0,0.0,0.0,0.0,0.0,0.1,0.0,0.0,0.2,0.4,0.6,1.1,1.7,1.5,1.7,2.7,5.0
720575940635771316,0.0,0.0,0.0,0.0,0.0,0.0,0.0,0.0,0.0,0.0,0.0,0.1,0.0,0.0,0.0,0.2,0.0,0.0,0.0,0.0
720575940635837887,0.0,0.0,0.0,0.0,0.3,1.7,4.7,8.6,10.8,14.6,17.0,19.2,20.5,21.3,22.8,24.4,25.3,26.5,25.6,27.4
720575940635839077,0.0,1.3,3.3,4.1,2.7,1.2,0.7,0.7,0.3,0.7,1.0,1.0,1.0,0.7,1.6,1.3,1.7,1.2,1.0,1.5
720575940636053678,0.0,4.5,13.1,21.0,30.3,42.0,50.6,57.8,62.4,66.2,69.2,71.7,74.4,76.8,79.2,80.8,83.2,83.0,85.5,87.0
720575940636165624,0.0,0.0,0.0,0.0,0.3,0.2,1.2,2.5,5.4,4.7,7.8,9.7,10.1,10.0,12.5,12.8,13.4,14.9,15.8,17.6
720575940636346487,0.0,0.0,0.0,0.0,0.0,0.0,0.0,0.0,0.0,0.0,0.0,0.0,0.0,0.0,0.0,0.0,0.0,0.0,0.0,0.1
720575940636347128,0.0,0.0,0.0,0.0,0.0,0.0,0.0,0.0,0.0,0.0,0.0,0.0,0.0,0.0,0.0,0.1,0.0,0.0,0.1,0.1
720575940636487598,0.0,0.0,0.0,0.0,0.0,0.0,0.0,0.0,0.0,0.0,0.0,0.0,0.0,0.0,0.0,0.0,0.0,0.0,0.0,0.1
720575940636809646,0.0,0.0,0.0,0.1,2.1,7.0,8.8,10.5,10.4,13.0,13.1,14.5,15.9,16.9,17.7,18.6,19.8,19.0,21.7,21.9
720575940636828334,0.2,1.3,3.5,5.4,4.5,2.1,1.4,2.3,1.8,3.3,3.8,4.7,5.2,4.9,6.8,6.6,7.4,8.8,7.7,10.6
720575940636895406,0.0,0.0,0.0,0.0,0.1,0.0,0.2,0.6,1.4,1.6,3.8,5.8,6.4,7.2,9.8,11.1,11.8,13.0,14.2,17.0
720575940637144944,0.0,0.0,0.1,1.5,5.7,10.9,17.5,24.7,29.8,33.2,35.5,38.4,39.3,41.2,42.9,45.2,45.9,46.0,47.8,49.3
720575940637360730,0.0,0.0,0.0,0.0,0.0,0.0,0.0,0.1,0.2,0.1,0.5,1.1,1.5,1.2,3.1,2.5,3.4,3.6,4.0,5.3
720575940637568838,9.9,18.1,27.6,39.7,47.8,57.4,70.8,84.3,88.2,100.7,101.2,120.0,133.6,131.6,151.4,160.0,171.2,174.9,191.9,200.0
720575940637578853,0.0,0.0,0.0,0.9,4.8,10.9,16.7,22.5,26.1,29.4,32.2,35.2,36.2,37.9,39.8,41.9,42.9,43.8,44.4,46.8
720575940637656286,0.0,0.0,0.0,0.0,0.0,0.0,0.1,0.1,0.1,0.4,0.5,0.9,0.8,1.4,1.9,3.0,2.5,3.0,3.9,5.3
720575940637902938,0.0,0.0,0.0,0.0,0.0,0.0,0.0,0.0,0.0,0.0,0.0,0.0,0.0,0.0,0.0,0.1,0.0,0.0,0.1,0.1
720575940638088262,0.0,0.0,0.0,0.1,1.3,3.1,5.0,7.4,7.4,9.9,10.5,10.1,10.6,12.4,13.1,14.5,14.8,13.3,15.7,15.5
720575940638103349,0.0,5.6,17.4,29.2,39.9,52.3,62.1,69.0,76.2,81.9,85.2,91.7,94.4,98.2,101.3,105.2,108.6,111.1,115.4,117.6
720575940638202345,9.6,20.9,30.5,42.6,49.4,62.1,67.7,82.5,86.8,100.3,109.4,119.2,132.9,134.1,148.6,156.5,167.7,176.1,186.5,200.0
720575940639198397,0.0,0.0,0.0,0.3,2.5,7.9,12.7,16.0,18.2,20.3,21.9,21.8,24.6,25.9,25.6,27.8,28.4,28.8,28.9,30.9
720575940639198653,9.1,21.9,30.3,39.3,48.7,62.5,72.4,83.4,93.8,96.1,101.7,121.5,123.7,130.7,142.0,156.5,171.3,179.0,184.4,193.3
720575940639259967,11.9,19.1,32.8,40.5,49.2,64.2,68.3,79.7,86.4,94.6,107.4,118.0,124.2,131.9,144.8,159.5,168.1,176.0,191.4,204.1
720575940639285949,0.0,0.0,3.6,12.0,22.7,38.7,49.1,58.1,65.1,70.8,74.0,77.4,81.4,83.7,85.8,88.4,89.4,92.2,91.8,95.0
720575940639332736,9.3,20.4,29.1,39.7,47.2,57.6,70.5,79.5,93.0,100.4,103.8,118.1,130.8,138.2,141.4,157.1,166.1,187.0,186.2,193.0
720575940639425112,0.0,0.0,0.0,1.0,7.2,17.8,25.5,29.9,31.7,35.5,38.0,37.4,39.9,41.7,42.8,42.7,45.3,44.0,44.1,46.4
720575940639785379,0.0,0.0,0.0,0.0,0.0,0.0,0.0,0.0,0.0,0.0,0.0,0.0,0.0,0.0,0.0,0.0,0.3,0.1,0.2,0.3
720575940639786915,0.0,0.0,0.0,0.0,0.1,0.3,0.8,1.8,3.0,5.1,7.3,9.7,10.8,12.7,14.6,15.8,17.4,19.0,20.9,22.8
720575940639972816,0.0,0.0,0.0,0.0,0.2,0.2,0.6,1.6,3.1,3.5,5.9,7.7,7.3,7.6,10.0,10.4,10.5,10.8,12.2,13.4
720575940640205501,0.0,0.0,0.0,0.0,0.0,0.0,0.0,0.0,0.0,0.1,0.0,0.0,0.0,0.0,0.0,0.0,0.1,0.0,0.0,0.0
720575940640589171,0.2,2.7,10.0,21.0,39.5,61.1,74.5,82.9,89.1,94.6,99.0,101.8,106.2,107.7,112.0,113.2,116.4,118.5,118.8,122.6
720575940640649691,9.5,17.6,28.9,35.7,50.2,58.5,69.3,76.8,85.2,99.5,108.7,119.7,133.9,138.4,145.6,159.0,170.6,173.3,187.3,192.8
720575940640978048,0.0,0.0,0.0,0.2,1.7,3.0,1.9,0.7,0.2,0.0,0.0,0.0,0.0,0.0,0.0,0.0,0.0,0.0,0.0,0.0
720575940641366517,0.0,0.0,0.0,0.0,1.5,6.5,12.1,16.5,21.5,26.8,31.4,36.6,40.1,43.6,47.1,50.6,53.8,55.3,58.7,61.1
720575940641480949,0.0,0.0,0.0,1.6,8.4,15.4,16.8,16.0,14.6,13.4,12.5,10.7,9.2,9.3,8.5,6.8,7.0,6.7,4.8,4.5
720575940641585627,0.0,0.0,0.0,0.0,0.3,0.9,0.8,0.8,0.7,1.2,1.1,1.0,0.8,1.1,1.6,1.3,1.8,1.6,1.1,1.1
720575940642335373,0.0,0.0,0.0,0.0,0.0,0.0,0.0,0.0,0.0,0.0,0.0,0.0,0.0,0.0,0.7,0.9,1.6,2.6,4.4,5.8
720575940642428045,0.0,0.0,0.0,0.0,0.5,1.3,3.2,9.9,14.4,19.8,22.4,27.0,30.0,31.8,34.5,36.3,38.2,40.1,41.6,44.9
720575940642449909,0.0,0.0,0.0,1.0,5.9,15.4,21.4,26.4,30.3,32.4,35.6,35.3,37.1,39.7,39.9,40.4,42.8,43.3,43.4,44.4
720575940643100301,0.0,0.0,0.0,0.0,0.0,0.0,0.0,0.0,0.0,0.0,0.0,0.0,0.0,0.0,0.0,0.1,0.0,0.0,0.1,0.1
720575940643112333,0.0,0.0,0.0,0.1,1.3,3.1,4.8,7.1,7.3,9.5,9.4,9.1,9.4,10.9,11.1,11.6,11.8,11.0,12.6,12.9
720575940643551392,0.0,0.0,0.0,0.0,0.0,0.0,0.0,0.0,0.0,0.0,0.0,0.0,0.0,0.0,0.0,0.1,0.0,0.0,0.1,0.1
720575940643867296,0.0,0.0,0.0,0.0,0.6,2.4,6.0,14.6,19.3,26.9,32.9,36.5,38.6,40.7,44.3,43.8,46.9,48.6,51.8,55.2
720575940644438551,0.0,0.0,0.0,0.0,0.2,0.1,0.0,0.2,0.1,0.0,0.1,0.0,0.0,0.0,0.0,0.0,0.0,0.0,0.0,0.0
720575940644542880,0.0,0.9,6.9,14.1,21.9,32.2,39.6,44.1,47.5,50.5,52.7,55.9,56.8,59.1,61.3,62.3,64.7,65.7,67.1,68.4
720575940644653348,0.0,0.0,0.0,0.6,5.8,17.6,24.5,30.7,33.7,37.2,40.8,41.8,44.6,47.1,47.8,48.3,50.8,52.2,51.7,52.8
720575940644758308,0.0,0.0,0.0,0.7,3.9,6.9,7.2,6.5,6.1,6.6,5.4,3.7,3.5,3.5,4.1,2.6,3.6,2.3,2.5,1.7
720575940644968215,0.0,0.0,0.0,0.6,3.7,6.2,5.9,4.2,3.4,2.2,2.2,0.8,1.0,0.4,0.1,0.2,0.6,0.2,0.0,0.0
720575940645045527,0.0,0.0,0.0,0.0,0.4,2.3,5.9,8.6,11.0,12.3,16.0,15.9,17.2,18.1,19.3,20.3,20.8,23.0,22.6,24.7
720575940645047831,0.0,0.0,0.0,1.3,7.9,13.9,17.2,16.9,15.6,15.2,14.8,13.1,13.0,12.0,11.6,10.4,10.9,10.7,9.0,7.9
720575940645352814,0.0,0.0,0.0,0.1,0.6,1.2,2.2,1.2,1.0,0.8,0.4,0.2,0.2,0.4,0.2,0.1,0.1,0.1,0.1,0.0
720575940647029044,0.0,0.0,0.0,0.4,3.2,8.9,12.6,15.6,17.5,19.1,20.1,21.3,22.4,23.6,23.8,24.7,26.1,27.2,26.7,27.4
720575940647030324,0.0,0.0,0.0,0.0,0.0,0.1,0.6,0.9,1.5,2.3,1.9,1.9,1.7,1.6,3.3,3.2,2.7,2.4,3.4,3.4
720575940647033396,0.0,0.0,0.0,0.0,0.0,0.0,0.3,1.3,2.1,5.7,8.3,11.3,14.4,16.7,21.0,23.6,25.3,26.6,28.6,31.2
720575940647081860,0.0,0.0,0.0,0.0,0.0,0.0,0.0,0.0,0.0,0.0,0.0,0.1,0.0,0.0,0.0,0.2,0.0,0.0,0.0,0.0
720575940647228468,0.0,0.0,0.0,0.2,1.7,3.5,2.2,0.7,0.1,0.0,0.0,0.0,0.0,0.0,0.0,0.0,0.0,0.0,0.0,0.0
720575940647474979,0.0,0.0,0.0,0.0,0.0,0.1,0.0,0.1,0.0,0.0,0.0,0.0,0.0,0.0,0.0,0.0,0.0,0.0,0.0,0.0
720575940647518340,0.0,0.0,0.0,0.4,3.4,11.2,17.7,22.8,26.9,30.3,33.4,34.9,36.5,38.4,40.0,41.5,42.9,42.9,44.3,45.7
720575940648864633,0.0,0.0,0.0,0.0,0.0,0.0,0.0,0.0,0.0,0.0,0.0,0.0,0.2,0.1,0.2,0.0,0.2,0.3,0.2,0.2
720575940649829241,0.0,0.0,0.0,1.0,7.2,20.2,30.7,38.2,42.4,47.4,49.8,52.8,54.9,58.2,59.5,60.8,63.2,64.5,64.3,66.2
720575940652580086,0.0,6.1,19.0,32.7,42.7,54.4,62.8,71.7,79.8,83.9,87.2,93.3,96.0,98.7,101.9,105.0,108.2,109.6,113.4,115.5
720575940655011489,0.0,0.0,0.0,0.0,0.0,0.0,0.0,0.0,0.0,0.0,0.1,0.3,1.0,1.3,2.6,5.2,5.7,6.6,8.4,10.6
720575940655013025,0.0,0.0,0.0,0.5,4.3,12.1,18.4,23.3,26.7,30.0,32.1,33.8,35.0,36.9,38.5,39.7,42.1,42.1,43.4,45.5
720575940655014049,0.9,7.4,14.4,21.0,26.8,32.9,36.6,40.3,44.3,48.4,53.7,61.9,65.8,68.9,74.7,80.1,83.9,88.0,90.9,95.2
720575940660219265,0.0,0.0,0.1,4.5,23.3,50.2,66.9,76.2,82.4,86.2,92.1,94.7,95.5,99.9,101.0,104.6,107.6,108.1,106.4,110.5
720575940660220289,0.0,0.0,0.0,0.0,0.0,0.0,0.0,0.2,0.2,0.3,0.5,0.5,0.5,1.3,1.7,1.8,2.4,1.7,3.2,3.8
720575940660223873,0.0,0.0,0.0,0.0,0.3,1.3,4.1,11.5,16.4,23.0,28.2,31.0,33.0,36.2,37.7,39.1,41.3,42.0,44.3,46.3
720575940660229505,0.0,0.0,0.0,0.9,3.7,12.0,18.4,24.6,28.8,32.5,35.1,37.7,40.0,42.8,43.9,47.6,46.8,51.0,49.6,51.4
